Edital Name,File URL
Loteamento Jardim das Flores Empreendimentos Ltda,https://static.e-leiloes.com.br/eleiloescombr/leiloes/2153/documentos/sl-doc-2153-6945897175c54-6945897176d79.pdf
Vara Única de Santa Adélia SP,https://static.e-leiloes.com.br/eleiloescombr/leiloes/2146/documentos/sl-doc-2146-69332597d79a7-69332597d989c.pdf
7ª Vara Federal de Ribeirão Preto SP,https://static.e-leiloes.com.br/eleiloescombr/leiloes/2123/documentos/sl-doc-2123-68f93a0c3e5c0-68f93a0c3fbad.pdf
Meghelli Empreendimentos Imobiliarios Ltda,https://static.e-leiloes.com.br/eleiloescombr/leiloes/2143/documentos/sl-doc-2143-69309515d735b-69309515d8afd.pdf
1ª Vara Civil de Leme SP,https://static.e-leiloes.com.br/eleiloescombr/leiloes/2152/documentos/sl-doc-2152-6945547ead5f7-6945547eb7726.pdf
Vara de Execução de Títulos Extrajudiciais e Conflitos Arbitrais de Taguatinga DF,https://static.e-leiloes.com.br/eleiloescombr/leiloes/2144/documentos/sl-doc-2144-69309ec31c74d-69309ec320051.bin
Instituto Chico Mendes de Conservação da Biodiversidade - ICMBio,https://static.e-leiloes.com.br/eleiloescombr/leiloes/2148/documentos/sl-doc-2148-69444db46d6d9-69444db46ee27.pdf
Secretaria Nacional de Políticas sobre Drogas e Gestão de Ativos SENAD,https://static.e-leiloes.com.br/eleiloescombr/leiloes/2137/documentos/sl-doc-2137-6925b6df52901-6925b6df54e5e.pdf
Secretaria Nacional de Políticas sobre Drogas e Gestão de Ativos SENAD,https://static.e-leiloes.com.br/eleiloescombr/leiloes/2136/documentos/sl-doc-2136-6925b698b585a-6925b698b7172.pdf
Secretaria Nacional de Políticas sobre Drogas e Gestão de Ativos SENAD,https://static.e-leiloes.com.br/eleiloescombr/leiloes/2139/documentos/sl-doc-2139-69122c59b3dbf-69122c59ba64c.pdf
Secretaria Nacional de Políticas sobre Drogas e Gestão de Ativos SENAD,https://static.e-leiloes.com.br/eleiloescombr/leiloes/2138/documentos/sl-doc-2138-691223ddde9b0-691223dde32d5.pdf
Secretaria Nacional de Políticas sobre Drogas e Gestão de Ativos SENAD,https://static.e-leiloes.com.br/eleiloescombr/leiloes/2132/documentos/sl-doc-2132-6911efe29face-6911efe2a4889.pdf
3ª Vara Cível de Taguatinga DF,https://static.e-leiloes.com.br/eleiloescombr/leiloes/2134/documentos/sl-doc-2134-6903a42777df4-6903a4277dfab.bin
Energisa Rondonia - Distribuidora de Energia S/A,https://static.e-leiloes.com.br/eleiloescombr/leiloes/2128/documentos/sl-doc-2128-68fbe17671b78-68fbe17673435.pdf
Juizado Especial Cível e Criminal de Estrela D`Oeste SP,https://static.e-leiloes.com.br/eleiloescombr/leiloes/2102/documentos/sl-doc-2102-6900f8123c235-6900f812401a5.pdf
1ª Vara Cível de Estrela D' Oeste SP,https://static.e-leiloes.com.br/eleiloescombr/leiloes/2118/documentos/sl-doc-2118-690100abd3dcc-690100abd7e3f.pdf
Vara de Execução de Títulos Extrajudiciais de Taguatinga DF,https://static.e-leiloes.com.br/eleiloescombr/leiloes/2117/documentos/sl-doc-2117-6901006846065-690100684a85f.pdf
1ª Vara Cível de Ceilândia DF,https://static.e-leiloes.com.br/eleiloescombr/leiloes/2133/documentos/sl-doc-2133-6908ada755596-6908ada7568fd.pdf
Secretaria Nacional de Políticas sobre Drogas e Gestão de Ativos SENAD,https://static.e-leiloes.com.br/eleiloescombr/leiloes/2112/documentos/sl-doc-2112-68f7921932c0e-68f7921935c9f.pdf
1ª Vara Cível de Sertãozinho SP,https://static.e-leiloes.com.br/eleiloescombr/leiloes/2114/documentos/sl-doc-2114-68e8256e8337c-68e8256e90712.pdf
Secretaria Nacional de Políticas sobre Drogas e Gestão de Ativos SENAD,https://static.e-leiloes.com.br/eleiloescombr/leiloes/2122/documentos/sl-doc-2122-68f24ba517180-68f24ba51dc49.pdf
2ª Vara Cível de Orlândia,https://static.e-leiloes.com.br/eleiloescombr/leiloes/2042/documentos/sl-doc-2042-6824a3aebf888-6824a3aec1160.pdf
2ª Vara de Família e das Sucessões de Araçatuba SP,https://static.e-leiloes.com.br/eleiloescombr/leiloes/2120/documentos/sl-doc-2120-68ed2f32bd0ee-68ed2f32be941.pdf
1ª Vara Cível de Porto Ferreira SP,https://static.e-leiloes.com.br/eleiloescombr/leiloes/2100/documentos/sl-doc-2100-6900f790eff81-6900f7910067b.pdf
SEF - Setor de Execuções Fiscais de Leme SP,https://static.e-leiloes.com.br/eleiloescombr/leiloes/2107/documentos/sl-doc-2107-6900f9986df2a-6900f998723cf.pdf
Vara Única de Candeias MG,https://static.e-leiloes.com.br/eleiloescombr/leiloes/2113/documentos/sl-doc-2113-6900fd6171e69-6900fd6177e6d.pdf
Juizado Especial Cível e Criminal de Salto de Pirapora SP,https://static.e-leiloes.com.br/eleiloescombr/leiloes/2121/documentos/sl-doc-2121-68ed3d5c9124d-68ed3d5c92b0f.pdf
3ª Vara Cível de Suzano SP,https://static.e-leiloes.com.br/eleiloescombr/leiloes/2104/documentos/sl-doc-2104-6900f949c551d-6900f949c94b1.pdf
Vara Única de Poço Fundo MG,https://static.e-leiloes.com.br/eleiloescombr/leiloes/2124/documentos/sl-doc-2124-6901030815702-69010308196b9.pdf
Vara de Precatórias Cíveis de Belo Horizonte MG,https://static.e-leiloes.com.br/eleiloescombr/leiloes/2127/documentos/sl-doc-2127-690104b3a4f26-690104b3a9537.pdf
Secretaria Nacional de Políticas sobre Drogas e Gestão de Ativos SENAD,https://static.e-leiloes.com.br/eleiloescombr/leiloes/2106/documentos/sl-doc-2106-68dbca69a12a1-68dbca69a6624.pdf
Secretaria Nacional de Políticas sobre Drogas e Gestão de Ativos SENAD,https://static.e-leiloes.com.br/eleiloescombr/leiloes/2105/documentos/sl-doc-2105-68dbca552c2d7-68dbca5531e71.pdf
Juizado Especial Cível e Criminal de Batatais,https://static.e-leiloes.com.br/eleiloescombr/leiloes/2095/documentos/sl-doc-2095-68d58bc5cb1a1-68d58bc5cf0c8.pdf
Secretaria Nacional de Políticas sobre Drogas e Gestão de Ativos SENAD,https://static.e-leiloes.com.br/eleiloescombr/leiloes/2103/documentos/sl-doc-2103-68dbca424b034-68dbca4251583.pdf
1ª Vara Empresarial da Comarca de Belo Horizonte MG,https://static.e-leiloes.com.br/eleiloescombr/leiloes/2111/documentos/sl-doc-2111-68dad29e1d881-68dad29e1e5fe.pdf
1ª Vara Civil de Leme SP,https://static.e-leiloes.com.br/eleiloescombr/leiloes/2093/documentos/sl-doc-2093-68d58b35cdd1e-68d58b35d1ee5.pdf
Vara Única de Texeiras MG,https://static.e-leiloes.com.br/eleiloescombr/leiloes/2088/documentos/sl-doc-2088-68d58af562c17-68d58af566884.pdf
1ª Vara Cível de Fernandópolis SP,https://static.e-leiloes.com.br/eleiloescombr/leiloes/2089/documentos/sl-doc-2089-68d58b1564894-68d58b1568bce.pdf
3ª Vara Cível de Fernandópolis SP,https://static.e-leiloes.com.br/eleiloescombr/leiloes/2109/documentos/sl-doc-2109-68d59ca6a652d-68d59ca6aa23c.pdf
3ª Vara Cível de Fernandópolis SP,https://static.e-leiloes.com.br/eleiloescombr/leiloes/2110/documentos/sl-doc-2110-68d5a55d2a4e2-68d5a55d2e745.pdf
Vara Única de Brazópolis MG,https://static.e-leiloes.com.br/eleiloescombr/leiloes/2094/documentos/sl-doc-2094-68b83610ad3b2-68b83610b3c9d.pdf
2ª Vara Cível de Cataguases MG,https://static.e-leiloes.com.br/eleiloescombr/leiloes/2096/documentos/sl-doc-2096-68bee0c5152d5-68bee0c516b3d.pdf
9ª Vara Cível de Santos SP,https://static.e-leiloes.com.br/eleiloescombr/leiloes/2101/documentos/sl-doc-2101-68d677f4481c6-68d677f44ca12.pdf
Secretaria Nacional de Políticas sobre Drogas e Gestão de Ativos SENAD,https://static.e-leiloes.com.br/eleiloescombr/leiloes/2099/documentos/sl-doc-2099-68c16f8cc3e8b-68c16f8cc72b7.pdf
Secretaria Nacional de Políticas sobre Drogas e Gestão de Ativos SENAD,https://static.e-leiloes.com.br/eleiloescombr/leiloes/2098/documentos/sl-doc-2098-68c16f5dbf01f-68c16f5dc2237.pdf
Secretaria Nacional de Políticas sobre Drogas e Gestão de Ativos SENAD,https://static.e-leiloes.com.br/eleiloescombr/leiloes/2097/documentos/sl-doc-2097-68c16f2e88241-68c16f2e8b699.pdf
Secretaria Nacional de Políticas sobre Drogas e Gestão de Ativos SENAD,https://static.e-leiloes.com.br/eleiloescombr/leiloes/2092/documentos/sl-doc-2092-68c0237740d21-68c02377477c9.pdf
Secretaria Nacional de Políticas sobre Drogas e Gestão de Ativos SENAD,https://static.e-leiloes.com.br/eleiloescombr/leiloes/2091/documentos/sl-doc-2091-68b59afd74ae0-68b59afd81262.pdf
2ª Vara Cível de Itapeva SP,https://static.e-leiloes.com.br/eleiloescombr/leiloes/2071/documentos/sl-doc-2071-686bc53ca3d14-686bc53ca488b.pdf
2ª Vara Cível de Itapeva SP,https://static.e-leiloes.com.br/eleiloescombr/leiloes/2081/documentos/sl-doc-2081-68a46c498cfab-68a46c498f189.pdf
Prefeitura Municipal de Alto do Rio Doce MG,https://static.e-leiloes.com.br/eleiloescombr/leiloes/2090/documentos/sl-doc-2090-68b72a897754e-68b72a8988e40.pdf
Prefeitura Municipal de São Bento do Sul SC,https://static.e-leiloes.com.br/eleiloescombr/leiloes/2076/documentos/sl-doc-2076-689267495eaec-68926749604e9.pdf
Tribunal Regional do Trabalho da 15ª Região - Bauru SP,https://static.e-leiloes.com.br/eleiloescombr/leiloes/2077/documentos/sl-doc-2077-6890b966db48f-6890b966e0c03.pdf
7ª Vara Federal de Ribeirão Preto SP,https://static.e-leiloes.com.br/eleiloescombr/leiloes/2085/documentos/sl-doc-2085-68a46dc74fa89-68a46dc751450.pdf
2ª Vara Cível de Fernandópolis SP,https://static.e-leiloes.com.br/eleiloescombr/leiloes/2079/documentos/sl-doc-2079-68a46b40316bd-68a46b40330e3.pdf
3ª Vara Cível de Fernandópolis SP,https://static.e-leiloes.com.br/eleiloescombr/leiloes/2080/documentos/sl-doc-2080-68a46b19762a1-68a46b1978d5e.pdf
SEF - Setor de Execuções Fiscais de Leme SP,https://static.e-leiloes.com.br/eleiloescombr/leiloes/2083/documentos/sl-doc-2083-68a46d0cdc2cf-68a46d0cdd66e.pdf
Juizado Especial de Presidente Olegário MG,https://static.e-leiloes.com.br/eleiloescombr/leiloes/2084/documentos/sl-doc-2084-68a46da833af9-68a46da835423.pdf
Vara Única de Nuporanga SP,https://static.e-leiloes.com.br/eleiloescombr/leiloes/2086/documentos/sl-doc-2086-68a46d519209a-68a46d5193945.pdf
"1ª Vara Cível, Criminal e da Infância e da Juventude da Comarca de Machado MG",https://static.e-leiloes.com.br/eleiloescombr/leiloes/2078/documentos/sl-doc-2078-68822b5a1c8c1-68822b5a1e175.pdf
2ª Vara Cível de Orlândia,https://static.e-leiloes.com.br/eleiloescombr/leiloes/2063/documentos/sl-doc-2063-68926f674b725-68926f674d0c4.pdf
Vara Única de Macatuba SP,https://static.e-leiloes.com.br/eleiloescombr/leiloes/2068/documentos/sl-doc-2068-68926fae5177c-68926fae532e2.pdf
Juizado Especial Cível e Criminal de Nhandeara,https://static.e-leiloes.com.br/eleiloescombr/leiloes/2075/documentos/sl-doc-2075-6892708500b40-6892708502793.pdf
Vara Única de Santa Adélia SP,https://static.e-leiloes.com.br/eleiloescombr/leiloes/2059/documentos/sl-doc-2059-689270af510a0-689270af52a4e.pdf
2ª Vara Cível de Pirapozinho SP,https://static.e-leiloes.com.br/eleiloescombr/leiloes/2061/documentos/sl-doc-2061-689270e84f614-689270e850c0c.pdf
2ª Vara Civel de Santa Rita do Passa Quatro SP,https://static.e-leiloes.com.br/eleiloescombr/leiloes/2069/documentos/sl-doc-2069-68927183d4ab9-68927183d5b8c.pdf
1ª Vara Cível de Fernandópolis SP,https://static.e-leiloes.com.br/eleiloescombr/leiloes/2070/documentos/sl-doc-2070-68927015138be-6892701514cf4.pdf
Vara Única de Nuporanga SP,https://static.e-leiloes.com.br/eleiloescombr/leiloes/2072/documentos/sl-doc-2072-6892705278766-689270527a371.pdf
1ª Vara Cível de Santa Bábara D'Oeste SP,https://static.e-leiloes.com.br/eleiloescombr/leiloes/2074/documentos/sl-doc-2074-6877dc4eabc59-6877dc4ead8f7.pdf
Empresa Municipal de Desenvolvimento de Campinas S/A,https://static.e-leiloes.com.br/eleiloescombr/leiloes/2046/documentos/sl-doc-2046-68836fd1cb89a-68836fd1cfa5a.pdf
1ª Vara Cível de Canoinhas SC,https://static.e-leiloes.com.br/eleiloescombr/leiloes/2065/documentos/sl-doc-2065-68652ecee7035-68652ecee83b0.pdf
Cooperativa de Crédito CredSãoPaulo - SICOOB CREDSAOPAULO,https://static.e-leiloes.com.br/eleiloescombr/leiloes/2073/documentos/sl-doc-2073-68729e5e6ffa7-68729e5e725cd.pdf
Vara Única de Macatuba SP,https://static.e-leiloes.com.br/eleiloescombr/leiloes/2067/documentos/sl-doc-2067-68652eb959c0f-68652eb95af24.pdf
2ª Vara Setor de Execuções Fiscais de Orlândia,https://static.e-leiloes.com.br/eleiloescombr/leiloes/2066/documentos/sl-doc-2066-685e973163d65-685e97316543b.pdf
Secretaria Nacional de Políticas sobre Drogas e Gestão de Ativos SENAD,https://static.e-leiloes.com.br/eleiloescombr/leiloes/2060/documentos/sl-doc-2060-685d612b7435b-685d612b781c4.pdf
CAIXA ECONOMICA FEDERAL CEF,https://static.e-leiloes.com.br/eleiloescombr/leiloes/2062/documentos/sl-doc-2062-6851d9c3a10f2-6851d9c3a498b.pdf
CAIXA ECONOMICA FEDERAL CEF,https://static.e-leiloes.com.br/eleiloescombr/leiloes/2056/documentos/sl-doc-2056-684971a76d69f-684971a771288.pdf
Vara Única de Nuporanga SP,https://static.e-leiloes.com.br/eleiloescombr/leiloes/2049/documentos/sl-doc-2049-6857086296128-6857086299c09.pdf
Vara Única de Nuporanga SP,https://static.e-leiloes.com.br/eleiloescombr/leiloes/2052/documentos/sl-doc-2052-68570876823de-6857087686002.pdf
1ª Vara Cível de Cravinhos SP,https://static.e-leiloes.com.br/eleiloescombr/leiloes/2058/documentos/sl-doc-2058-6857080e0017b-6857080e03e38.pdf
1ª Vara Cível de Santa Rita do Passa Quatro SP,https://static.e-leiloes.com.br/eleiloescombr/leiloes/2064/documentos/sl-doc-2064-685703ed01563-685703ed026dc.pdf
Instituto Chico Mendes de Conservação da Biodiversidade - ICMBio,https://static.e-leiloes.com.br/eleiloescombr/leiloes/1996/documentos/sl-doc-1996-6848ac766c5c7-6848ac766e8f6.pdf
Secretaria Nacional de Políticas sobre Drogas e Gestão de Ativos SENAD,https://static.e-leiloes.com.br/eleiloescombr/leiloes/2055/documentos/sl-doc-2055-684040a87925b-684040a87e7d3.pdf
Secretaria Nacional de Políticas sobre Drogas e Gestão de Ativos SENAD,https://static.e-leiloes.com.br/eleiloescombr/leiloes/2054/documentos/sl-doc-2054-6841dc4b8d71e-6841dc4b8fbc6.pdf
Secretaria Nacional de Políticas sobre Drogas e Gestão de Ativos SENAD,https://static.e-leiloes.com.br/eleiloescombr/leiloes/2053/documentos/sl-doc-2053-684040d1eaff0-684040d1f0696.pdf
Secretaria Nacional de Políticas sobre Drogas e Gestão de Ativos SENAD,https://static.e-leiloes.com.br/eleiloescombr/leiloes/2045/documentos/sl-doc-2045-683da7d2d7f31-683da7d2dd100.pdf
Secretaria Nacional de Políticas sobre Drogas e Gestão de Ativos SENAD,https://static.e-leiloes.com.br/eleiloescombr/leiloes/2051/documentos/sl-doc-2051-683da7ae084df-683da7ae0d5b1.pdf
Secretaria Nacional de Políticas sobre Drogas e Gestão de Ativos SENAD,https://static.e-leiloes.com.br/eleiloescombr/leiloes/2050/documentos/sl-doc-2050-6847219331085-6847219334407.pdf
Juizado Especial Cível e Criminal de Batatais,https://static.e-leiloes.com.br/eleiloescombr/leiloes/2047/documentos/sl-doc-2047-685707f138145-685707f13eb5d.pdf
Vara Única de Macatuba SP,https://static.e-leiloes.com.br/eleiloescombr/leiloes/2048/documentos/sl-doc-2048-685708341cba9-6857083420641.pdf
1ª Vara Setor de Execuções Fiscais de Orlândia,https://static.e-leiloes.com.br/eleiloescombr/leiloes/2057/documentos/sl-doc-2057-684206ed9561e-684206ed96f66.pdf
Tribunal Regional do Trabalho da 15ª Região - São José dos Campos SP,https://static.e-leiloes.com.br/eleiloescombr/leiloes/2044/documentos/sl-doc-2044-682c6f346efa3-682c6f3471424.pdf
Prefeitura Municípal de Pontal SP,https://static.e-leiloes.com.br/eleiloescombr/leiloes/1964/documentos/sl-doc-1964-681267acc04e4-681267acc9aeb.pdf
Energisa Mato Grosso - Distribuidora de Energia S/A,https://static.e-leiloes.com.br/eleiloescombr/leiloes/1983/documentos/sl-doc-1983-675b2925cb610-675b2925ccf43.pdf
7ª Vara Federal de Ribeirão Preto SP,https://static.e-leiloes.com.br/eleiloescombr/leiloes/2030/documentos/sl-doc-2030-683737c2de943-683737c2e00a2.pdf
3ª Vara Cível de Fernandópolis SP,https://static.e-leiloes.com.br/eleiloescombr/leiloes/2036/documentos/sl-doc-2036-683736121b026-683736121c767.pdf
1ª Vara Cível de Santa Rita do Passa Quatro SP,https://static.e-leiloes.com.br/eleiloescombr/leiloes/2040/documentos/sl-doc-2040-683738179b6f0-683738179c7ed.pdf
1ª Vara Cível de Itaúna MG,https://static.e-leiloes.com.br/eleiloescombr/leiloes/2043/documentos/sl-doc-2043-68373658511f4-6837365852453.pdf
Secretaria Nacional de Políticas sobre Drogas e Gestão de Ativos SENAD,https://static.e-leiloes.com.br/eleiloescombr/leiloes/2037/documentos/sl-doc-2037-680f8dcfe137a-680f8dcfe2e85.pdf
Secretaria Nacional de Políticas sobre Drogas e Gestão de Ativos SENAD,https://static.e-leiloes.com.br/eleiloescombr/leiloes/2041/documentos/sl-doc-2041-681b54a93d969-681b54a93f493.pdf
1ª Vara Cível de Orlândia,https://static.e-leiloes.com.br/eleiloescombr/leiloes/2032/documentos/sl-doc-2032-67f52cee5da3a-67f52cee600b9.pdf
2ª Vara Cível de Orlândia,https://static.e-leiloes.com.br/eleiloescombr/leiloes/2035/documentos/sl-doc-2035-67ffd65496ec3-67ffd6549870e.pdf
1ª Vara Civil de Leme SP,https://static.e-leiloes.com.br/eleiloescombr/leiloes/2034/documentos/sl-doc-2034-682485fd41e00-682485fd439bc.pdf
Secretaria Nacional de Políticas sobre Drogas e Gestão de Ativos SENAD,https://static.e-leiloes.com.br/eleiloescombr/leiloes/2039/documentos/sl-doc-2039-68121e8156c55-68121e815c615.pdf
CAIXA ECONOMICA FEDERAL CEF,https://static.e-leiloes.com.br/eleiloescombr/leiloes/2022/documentos/sl-doc-2022-67f6aaebbcf68-67f6aaebc3770.pdf
2ª Vara Cível de Cravinhos SP,https://static.e-leiloes.com.br/eleiloescombr/leiloes/2029/documentos/sl-doc-2029-67efca8d3e885-67efca8d40bcf.pdf
Unidade Jurisdicional da Comarca de Três Corações MG,https://static.e-leiloes.com.br/eleiloescombr/leiloes/2033/documentos/sl-doc-2033-67f968c0f1d03-67f968c0f34b8.pdf
CAIXA ECONOMICA FEDERAL CEF,https://static.e-leiloes.com.br/eleiloescombr/leiloes/2013/documentos/sl-doc-2013-67ebddea42ffa-67ebddea47f61.pdf
IFFCO DO BRASIL LTDA,https://static.e-leiloes.com.br/eleiloescombr/leiloes/2016/documentos/sl-doc-2016-67f7b19524c39-67f7b195293fe.pdf
3ª Vara Federal de Franca SP,https://static.e-leiloes.com.br/eleiloescombr/leiloes/1961/documentos/sl-doc-1961-67227645164a6-67227645172d6.pdf
CABONNET INTERNET LTDA,https://static.e-leiloes.com.br/eleiloescombr/leiloes/2015/documentos/sl-doc-2015-67f90e8d928ab-67f90e8d99625.pdf
Secretaria de Gestão e Governo Digital,https://static.e-leiloes.com.br/eleiloescombr/leiloes/2028/documentos/sl-doc-2028-67efc5776ab74-67efc5776fe99.pdf
1ª Vara Cível de Estrela D' Oeste SP,https://static.e-leiloes.com.br/eleiloescombr/leiloes/2019/documentos/sl-doc-2019-67efd2a1a6436-67efd2a1aac6a.pdf
1ª Vara da Família e Sucessões Foro Regional VI de Penha de França,https://static.e-leiloes.com.br/eleiloescombr/leiloes/2021/documentos/sl-doc-2021-67e6edd5087c4-67e6edd50a954.pdf
2ª Vara Cível de Orlândia,https://static.e-leiloes.com.br/eleiloescombr/leiloes/2023/documentos/sl-doc-2023-67e6ee4d5580a-67e6ee4d56db4.pdf
2ª Vara Cível de Itapeva SP,https://static.e-leiloes.com.br/eleiloescombr/leiloes/2011/documentos/sl-doc-2011-67c1e3f4bf860-67c1e3f4d02eb.pdf
10ª Unidade Jurisdicional Cível – 30º JD da Comarca de Belo Horizonte MG,https://static.e-leiloes.com.br/eleiloescombr/leiloes/2018/documentos/sl-doc-2018-67d96db9e0b5b-67d96db9e28bf.pdf
BF TERRA PARTICIPAÇÕES LTDA,https://static.e-leiloes.com.br/eleiloescombr/leiloes/2014/documentos/sl-doc-2014-67e6edbb39792-67e6edbb3a9e3.pdf
Banco Pan - Autorizado Caixa Econômica Federal,https://static.e-leiloes.com.br/eleiloescombr/leiloes/2026/documentos/sl-doc-2026-67e68bf457f2e-67e68bf45c5fe.pdf
INCCA - Instituto Nacional a Crianças Carentes Autistas,https://static.e-leiloes.com.br/eleiloescombr/leiloes/2009/documentos/sl-doc-2009-67e6ee0ebc457-67e6ee0ebd944.pdf
Vara de Familia e Sucessões de Campina Grande do Sul PR,https://static.e-leiloes.com.br/eleiloescombr/leiloes/2007/documentos/sl-doc-2007-67eedaddebf35-67eedadded409.pdf
2ª Vara Criminal de Umuarama PR,https://static.e-leiloes.com.br/eleiloescombr/leiloes/2024/documentos/sl-doc-2024-67e6ee986cf25-67e6ee986e48f.pdf
Vara Única de Salto de Pirapora,https://static.e-leiloes.com.br/eleiloescombr/leiloes/2025/documentos/sl-doc-2025-67e6ee69b89eb-67e6ee69b9eea.pdf
3ª Vara Cível de Guaratinguetá,https://static.e-leiloes.com.br/eleiloescombr/leiloes/2017/documentos/sl-doc-2017-67d31bac77391-67d31bac79b3c.pdf
1ª Vara Cível de Porto Ferreira SP,https://static.e-leiloes.com.br/eleiloescombr/leiloes/2020/documentos/sl-doc-2020-67d99fe9db1e5-67d99fe9dd783.pdf
Tribunal Regional do Trabalho da 15ª Região - São José dos Campos SP,https://static.e-leiloes.com.br/eleiloescombr/leiloes/1999/documentos/sl-doc-1999-67bda9afcc2bd-67bda9afddb5f.pdf
1ª Vara Cível de Estrela D' Oeste SP,https://static.e-leiloes.com.br/eleiloescombr/leiloes/1986/documentos/sl-doc-1986-67c0bb9d49ec2-67c0bb9d4bbed.pdf
Juizado Especial Cível e Criminal de Batatais,https://static.e-leiloes.com.br/eleiloescombr/leiloes/1988/documentos/sl-doc-1988-67c0bc86bc22f-67c0bc86bd5a4.pdf
Vara Única de Macatuba SP,https://static.e-leiloes.com.br/eleiloescombr/leiloes/1991/documentos/sl-doc-1991-67c0ba466f299-67c0ba467035b.pdf
2ª Vara Cível de Orlândia,https://static.e-leiloes.com.br/eleiloescombr/leiloes/1997/documentos/sl-doc-1997-67c0ba8017a66-67c0ba8019199.pdf
2ª Vara Cível de São Francisco do Sul SC,https://static.e-leiloes.com.br/eleiloescombr/leiloes/2008/documentos/sl-doc-2008-67b74d9c89378-67b74d9c8a7c2.pdf
Meghelli Empreendimentos Imobiliarios Ltda,https://static.e-leiloes.com.br/eleiloescombr/leiloes/1985/documentos/sl-doc-1985-67c0b9dbcb2fa-67c0b9dbcc5b7.pdf
Secretaria Nacional de Políticas sobre Drogas e Gestão de Ativos SENAD,https://static.e-leiloes.com.br/eleiloescombr/leiloes/2005/documentos/sl-doc-2005-67c1a5223f91a-67c1a52244a27.pdf
Secretaria Nacional de Políticas sobre Drogas e Gestão de Ativos SENAD,https://static.e-leiloes.com.br/eleiloescombr/leiloes/2004/documentos/sl-doc-2004-67c1a56d875e5-67c1a56d8bff0.pdf
Belgrado Comercial ES Ltda,https://static.e-leiloes.com.br/eleiloescombr/leiloes/2010/documentos/sl-doc-2010-67d43b1c16b78-67d43b1c18e6a.pdf
Cavalcanti Castilho Serviços Especiais Ltda Me,https://static.e-leiloes.com.br/eleiloescombr/leiloes/1998/documentos/sl-doc-1998-67a0ac8b02935-67a0ac8b101ce.pdf
Prefeitura Municipal de Hortolândia SP,https://static.e-leiloes.com.br/eleiloescombr/leiloes/2000/documentos/sl-doc-2000-67aa3f69db4a6-67aa3f69e1cc3.pdf
Vara Única de São Simão,https://static.e-leiloes.com.br/eleiloescombr/leiloes/2006/documentos/sl-doc-2006-67c0bb165f2a9-67c0bb1660392.pdf
Juizado Especial Cível e Criminal de Nuporanga,https://static.e-leiloes.com.br/eleiloescombr/leiloes/1982/documentos/sl-doc-1982-675af1ba10d0a-675af1ba136d5.pdf
3ª Vara Criminal de Londrina PR,https://static.e-leiloes.com.br/eleiloescombr/leiloes/1987/documentos/sl-doc-1987-67c0bbc6ddc81-67c0bbc6df810.pdf
2ª Vara de Família e Sucessões de Bauru,https://static.e-leiloes.com.br/eleiloescombr/leiloes/1994/documentos/sl-doc-1994-67c0ba6059c59-67c0ba605a93f.pdf
2ª Vara Cível de Pedreira,https://static.e-leiloes.com.br/eleiloescombr/leiloes/2001/documentos/sl-doc-2001-67c0baf2689e6-67c0baf269fab.pdf
Vara Única de Nuporanga SP,https://static.e-leiloes.com.br/eleiloescombr/leiloes/2002/documentos/sl-doc-2002-67a9ecb2e1055-67a9ecb2e313f.pdf
1ª Vara Setor de Execuções Fiscais de Cravinhos SP,https://static.e-leiloes.com.br/eleiloescombr/leiloes/1989/documentos/sl-doc-1989-67c0ba263bdb1-67c0ba263e429.pdf
2ª Vara Cível de Orlândia,https://static.e-leiloes.com.br/eleiloescombr/leiloes/1973/documentos/sl-doc-1973-678e56e03b69f-678e56e03d11a.pdf
2ª Vara Setor de Execuções Fiscais de Orlândia,https://static.e-leiloes.com.br/eleiloescombr/leiloes/1974/documentos/sl-doc-1974-6798dfaad1282-6798dfaad4d9f.pdf
Juizado Especial Cível e Criminal de Estrela D`Oeste SP,https://static.e-leiloes.com.br/eleiloescombr/leiloes/1976/documentos/sl-doc-1976-679a24a7885b3-679a24a78afdf.pdf
Vara Única de Santa Rosa de Viterbo SP,https://static.e-leiloes.com.br/eleiloescombr/leiloes/1979/documentos/sl-doc-1979-678e579ee3f2a-678e579ee515d.pdf
1ª Vara Federal de Franca SP,https://static.e-leiloes.com.br/eleiloescombr/leiloes/1949/documentos/sl-doc-1949-6797e2067fa86-6797e20682026.pdf
Secretaria de Gestão e Governo Digital,https://static.e-leiloes.com.br/eleiloescombr/leiloes/1995/documentos/sl-doc-1995-67a5fbb0773d6-67a5fbb07c664.pdf
Cooperativa de Crédito CredSãoPaulo SICOOB CREDSAOPAULO,https://static.e-leiloes.com.br/eleiloescombr/leiloes/1980/documentos/sl-doc-1980-678e5817468a2-678e581747da1.pdf
1ª Vara Cível de Cravinhos SP,https://static.e-leiloes.com.br/eleiloescombr/leiloes/1972/documentos/sl-doc-1972-678e55f03e8f0-678e55f03ff4d.pdf
Vara Criminal de Santa Fé PR,https://static.e-leiloes.com.br/eleiloescombr/leiloes/1977/documentos/sl-doc-1977-678e571545b23-678e57154733c.pdf
Vara Única de Nuporanga SP,https://static.e-leiloes.com.br/eleiloescombr/leiloes/1978/documentos/sl-doc-1978-6788023b5433d-6788023b57871.pdf
Juizado Especial Cível e Criminal de Santa Rita do Passa Quatro SP,https://static.e-leiloes.com.br/eleiloescombr/leiloes/1984/documentos/sl-doc-1984-678e574a53dfb-678e574a55015.pdf
3ª Vara Cível de Guaratinguetá,https://static.e-leiloes.com.br/eleiloescombr/leiloes/1975/documentos/sl-doc-1975-6797cd72e067c-6797cd72e261d.pdf
Secretaria Nacional de Políticas sobre Drogas e Gestão de Ativos SENAD,https://static.e-leiloes.com.br/eleiloescombr/leiloes/1993/documentos/sl-doc-1993-677c1f1b07744-677c1f1b08d16.pdf
Meghelli Empreendimentos Imobiliarios Ltda,https://static.e-leiloes.com.br/eleiloescombr/leiloes/1981/documentos/sl-doc-1981-675b1bdfe7377-675b1bdfe8a34.pdf
Secretaria Nacional de Políticas sobre Drogas e Gestão de Ativos SENAD,https://static.e-leiloes.com.br/eleiloescombr/leiloes/1992/documentos/sl-doc-1992-677c1efdea021-677c1efdec682.pdf
Secretaria Nacional de Políticas sobre Drogas e Gestão de Ativos SENAD,https://static.e-leiloes.com.br/eleiloescombr/leiloes/1990/documentos/sl-doc-1990-677c1ee1af1ed-677c1ee1b2ecc.pdf
Prefeitura de Joinville SC,https://static.e-leiloes.com.br/eleiloescombr/leiloes/1965/documentos/sl-doc-1965-678572f2ec875-678572f2eedf6.pdf
Cooperativa de Crédito CredSãoPaulo SICOOB CREDSAOPAULO,https://static.e-leiloes.com.br/eleiloescombr/leiloes/1945/documentos/sl-doc-1945-66fc5b631dc8f-66fc5b631ff01.pdf
Find And Buy Assets tecnologia e Serviços Ltda,https://static.e-leiloes.com.br/eleiloescombr/leiloes/1962/documentos/sl-doc-1962-675ad0e3566ba-675ad0e35769f.pdf
3ª Vara Federal de Franca SP,https://static.e-leiloes.com.br/eleiloescombr/leiloes/1963/documentos/sl-doc-1963-673642aeaa447-673642aeabc50.pdf
Cooperativa de Crédito CredSãoPaulo SICOOB CREDSAOPAULO,https://static.e-leiloes.com.br/eleiloescombr/leiloes/1915/documentos/sl-doc-1915-66ec74cd4bf55-66ec74cd4d564.pdf
Instituto Chico Mendes de Conservação da Biodiversidade - ICMBio,https://static.e-leiloes.com.br/eleiloescombr/leiloes/1836/documentos/sl-doc-1836-67348e289b8ef-67348e289e556.pdf
Energisa Mato Grosso - Distribuidora de Energia S/A,https://static.e-leiloes.com.br/eleiloescombr/leiloes/1951/documentos/sl-doc-1951-6723c5c1165ae-6723c5c11cf37.pdf
Universidade Estadual Paulista Júlio de Mesquita Filho,https://static.e-leiloes.com.br/eleiloescombr/leiloes/1947/documentos/sl-doc-1947-6734a5d21e26b-6734a5d223c0f.pdf
Juizado Especial Cível e Criminal de Estrela D`Oeste SP,https://static.e-leiloes.com.br/eleiloescombr/leiloes/1952/documentos/sl-doc-1952-6723c6414e384-6723c6414ffd2.pdf
2ª Vara Cível de Orlândia,https://static.e-leiloes.com.br/eleiloescombr/leiloes/1960/documentos/sl-doc-1960-672b74db63dd5-672b74db64f0e.pdf
1ª Vara Cível de Estrela D' Oeste SP,https://static.e-leiloes.com.br/eleiloescombr/leiloes/1948/documentos/sl-doc-1948-66fee94561190-66fee94562746.pdf
Secretaria Nacional de Políticas sobre Drogas e Gestão de Ativos SENAD,https://static.e-leiloes.com.br/eleiloescombr/leiloes/1957/documentos/sl-doc-1957-6720d92702b42-6720d92707139.pdf
Secretaria Nacional de Políticas sobre Drogas e Gestão de Ativos SENAD,https://static.e-leiloes.com.br/eleiloescombr/leiloes/1956/documentos/sl-doc-1956-6720d901e9209-6720d901eb90d.pdf
Secretaria Nacional de Políticas sobre Drogas e Gestão de Ativos SENAD,https://static.e-leiloes.com.br/eleiloescombr/leiloes/1955/documentos/sl-doc-1955-6720d8dce30cb-6720d8dce6db5.pdf
Banco Pan - Autorizado Caixa Econômica Federal,https://static.e-leiloes.com.br/eleiloescombr/leiloes/1958/documentos/sl-doc-1958-6722177ea19e8-6722177ea6cb8.pdf
3ª Vara Cível de Leme,https://static.e-leiloes.com.br/eleiloescombr/leiloes/1953/documentos/sl-doc-1953-6723c5a2a1a39-6723c5a2a2d68.pdf
3ª Vara Federal de Franca SP,https://static.e-leiloes.com.br/eleiloescombr/leiloes/1927/documentos/sl-doc-1927-67001c9886095-67001c9886b0f.pdf
Secretaria Nacional de Políticas sobre Drogas e Gestão de Ativos SENAD,https://static.e-leiloes.com.br/eleiloescombr/leiloes/1942/documentos/sl-doc-1942-66fe8724dcd60-66fe8724e203c.pdf
Secretaria Nacional de Políticas sobre Drogas e Gestão de Ativos SENAD,https://static.e-leiloes.com.br/eleiloescombr/leiloes/1941/documentos/sl-doc-1941-66fe87073b592-66fe87073ee56.pdf
Secretaria Nacional de Políticas sobre Drogas e Gestão de Ativos SENAD,https://static.e-leiloes.com.br/eleiloescombr/leiloes/1940/documentos/sl-doc-1940-66fe86e95fa44-66fe86e9635bf.pdf
Secretaria Nacional de Políticas sobre Drogas e Gestão de Ativos SENAD,https://static.e-leiloes.com.br/eleiloescombr/leiloes/1939/documentos/sl-doc-1939-66fe86d18f95c-66fe86d1933ff.pdf
Secretaria Nacional de Políticas sobre Drogas e Gestão de Ativos SENAD,https://static.e-leiloes.com.br/eleiloescombr/leiloes/1938/documentos/sl-doc-1938-66fe86b418b53-66fe86b41c411.pdf
1ª Vara Civil de Leme SP,https://static.e-leiloes.com.br/eleiloescombr/leiloes/1935/documentos/sl-doc-1935-66e1a7937ba11-66e1a7937c558.pdf
1ª Vara Cível de Estrela D' Oeste SP,https://static.e-leiloes.com.br/eleiloescombr/leiloes/1933/documentos/sl-doc-1933-66fef50d2c261-66fef50d2e396.pdf
Juizado Especial Cível e Criminal de Batatais,https://static.e-leiloes.com.br/eleiloescombr/leiloes/1937/documentos/sl-doc-1937-66faff86c5185-66faff86c680c.pdf
2ª Vara Setor de Execuções Fiscais de Orlândia,https://static.e-leiloes.com.br/eleiloescombr/leiloes/1944/documentos/sl-doc-1944-66f6b451de2c6-66f6b451e2259.pdf
Cooperativa de Crédito CredSãoPaulo SICOOB CREDSAOPAULO,https://static.e-leiloes.com.br/eleiloescombr/leiloes/1931/documentos/sl-doc-1931-66faff399281f-66faff3994029.pdf
2ª Vara Cível de Piedade,https://static.e-leiloes.com.br/eleiloescombr/leiloes/1919/documentos/sl-doc-1919-66fafe8d3a791-66fafe8d3bfd0.pdf
2ª Vara de Família e Sucessões de Bauru,https://static.e-leiloes.com.br/eleiloescombr/leiloes/1929/documentos/sl-doc-1929-66faff02496d5-66faff024d551.pdf
3ª Vara Criminal de Londrina,https://static.e-leiloes.com.br/eleiloescombr/leiloes/1943/documentos/sl-doc-1943-66faff1ee8fea-66faff1eea3cc.pdf
Energisa Minas Gerais  - Distribuidora de Energia S/A,https://static.e-leiloes.com.br/eleiloescombr/leiloes/1876/documentos/sl-doc-1876-66fd4379df5bb-66fd4379e41a0.pdf
Energisa Mato Grosso - Distribuidora de Energia S/A,https://static.e-leiloes.com.br/eleiloescombr/leiloes/1923/documentos/sl-doc-1923-66fd4390f124d-66fd439105b5f.pdf
Energisa Rondonia - Distribuidora de Energia S/A,https://static.e-leiloes.com.br/eleiloescombr/leiloes/1924/documentos/sl-doc-1924-66fd43ab3dec9-66fd43ab42933.pdf
Energisa Tocantis - Distribuidora de Energia S/A,https://static.e-leiloes.com.br/eleiloescombr/leiloes/1925/documentos/sl-doc-1925-66fd43c570d1b-66fd43c57614f.pdf
Energisa Sergipe - Distribuidora de Energia S/A,https://static.e-leiloes.com.br/eleiloescombr/leiloes/1930/documentos/sl-doc-1930-66fd43e155226-66fd43e15af5d.pdf
Cooperativa de Crédito CredSãoPaulo SICOOB CREDSAOPAULO,https://static.e-leiloes.com.br/eleiloescombr/leiloes/1936/documentos/sl-doc-1936-66eabee0336ad-66eabee036792.pdf
CAIXA ECONOMICA FEDERAL CEF,https://static.e-leiloes.com.br/eleiloescombr/leiloes/1926/documentos/sl-doc-1926-66d0d4da34887-66d0d4da38df0.pdf
1ª Vara Cível de Estrela D' Oeste SP,https://static.e-leiloes.com.br/eleiloescombr/leiloes/1918/documentos/sl-doc-1918-66d1fc3f52b0e-66d1fc3f53b4a.pdf
Juizado Especial Cível e Criminal de Estrela D`Oeste SP,https://static.e-leiloes.com.br/eleiloescombr/leiloes/1922/documentos/sl-doc-1922-66d1fc590c4ae-66d1fc590d4c7.pdf
1ª Vara Federal de Franca,https://static.e-leiloes.com.br/eleiloescombr/leiloes/1934/documentos/sl-doc-1934-66e079ec11b72-66e079ec12b25.pdf
1ª Vara Federal de Franca,https://static.e-leiloes.com.br/eleiloescombr/leiloes/1880/documentos/sl-doc-1880-66e057050b6a3-66e057050ca6f.pdf
2ª Vara Cível de Orlândia,https://static.e-leiloes.com.br/eleiloescombr/leiloes/1917/documentos/sl-doc-1917-66d1fc1e263e2-66d1fc1e2762b.pdf
Conselho Regional de Fonoaudiologia 2ª Região CREFONO,https://static.e-leiloes.com.br/eleiloescombr/leiloes/1920/documentos/sl-doc-1920-66d5bf0fbe17b-66d5bf0fc85bf.pdf
Município de Boa Esperança,https://static.e-leiloes.com.br/eleiloescombr/leiloes/1906/documentos/sl-doc-1906-66bf3fff3a9f4-66bf3fff3b50d.pdf
1ª Vara Cívil de Santa Rita do Passa Quatro SP,https://static.e-leiloes.com.br/eleiloescombr/leiloes/1914/documentos/sl-doc-1914-66d1fbbfe0447-66d1fbbfe1c79.pdf
1ª Vara do Juizado Especial Cível Foro Regional I – Santana de São Paulo,https://static.e-leiloes.com.br/eleiloescombr/leiloes/1921/documentos/sl-doc-1921-66d1fbdf7470e-66d1fbdf756ec.pdf
2ª Vara Criminal de Uruarama PR,https://static.e-leiloes.com.br/eleiloescombr/leiloes/1928/documentos/sl-doc-1928-66d1fbf8bb487-66d1fbf8bc4d2.pdf
Secretaria Nacional de Políticas sobre Drogas e Gestão de Ativos SENAD,https://static.e-leiloes.com.br/eleiloescombr/leiloes/1913/documentos/sl-doc-1913-66b36d4027a35-66b36d402a2b1.pdf
Secretaria Nacional de Políticas sobre Drogas e Gestão de Ativos SENAD,https://static.e-leiloes.com.br/eleiloescombr/leiloes/1912/documentos/sl-doc-1912-66b36cfe5829c-66b36cfe5b6a3.pdf
Secretaria Nacional de Políticas sobre Drogas e Gestão de Ativos SENAD,https://static.e-leiloes.com.br/eleiloescombr/leiloes/1887/documentos/sl-doc-1887-66b36b6b6c249-66b36b6b6e941.pdf
Secretaria Nacional de Políticas sobre Drogas e Gestão de Ativos SENAD,https://static.e-leiloes.com.br/eleiloescombr/leiloes/1879/documentos/sl-doc-1879-66b36afbb1e02-66b36afbb4430.pdf
Secretaria Nacional de Políticas sobre Drogas e Gestão de Ativos SENAD,https://static.e-leiloes.com.br/eleiloescombr/leiloes/1908/documentos/sl-doc-1908-66991fee8a5fd-66991feea12b5.pdf
1ª Vara Cível de Orlândia,https://static.e-leiloes.com.br/eleiloescombr/leiloes/1901/documentos/sl-doc-1901-6696b99c7ee7a-6696b99c80369.pdf
CAIXA ECONOMICA FEDERAL CEF,https://static.e-leiloes.com.br/eleiloescombr/leiloes/1905/documentos/sl-doc-1905-66913844acf1d-66913844b0ad6.pdf
Vara Única de Santa Adélia SP,https://static.e-leiloes.com.br/eleiloescombr/leiloes/1904/documentos/sl-doc-1904-66a3ff6028964-66a3ff602a33e.pdf
Secretaria Nacional de Políticas sobre Drogas e Gestão de Ativos SENAD,https://static.e-leiloes.com.br/eleiloescombr/leiloes/1899/documentos/sl-doc-1899-668534875b6ff-668534875e30a.pdf
Secretaria Nacional de Políticas sobre Drogas e Gestão de Ativos SENAD,https://static.e-leiloes.com.br/eleiloescombr/leiloes/1888/documentos/sl-doc-1888-66853458698b0-668534586d0ee.pdf
Juizado Especial Cível e Criminal de Batatais,https://static.e-leiloes.com.br/eleiloescombr/leiloes/1893/documentos/sl-doc-1893-6659d7a5da084-6659d7a5db3e2.pdf
CAIXA ECONOMICA FEDERAL CEF,https://static.e-leiloes.com.br/eleiloescombr/leiloes/1859/documentos/sl-doc-1859-660f0655d830c-660f0655db866.pdf
7ª Vara Federal de Ribeirão Preto SP,https://static.e-leiloes.com.br/eleiloescombr/leiloes/1897/documentos/sl-doc-1897-6674805976011-6674805978920.pdf
1ª Vara Cível de Estrela D' Oeste SP,https://static.e-leiloes.com.br/eleiloescombr/leiloes/1881/documentos/sl-doc-1881-6650c99d4ec8e-6650c99d50f23.pdf
1ª Vara da Família e Sucessões Foro Regional VI de Penha de França,https://static.e-leiloes.com.br/eleiloescombr/leiloes/1885/documentos/sl-doc-1885-664f9d8aa9880-664f9d8aaaa5e.pdf
Juizado Especial Cível e Criminal de Estrela D`Oeste SP,https://static.e-leiloes.com.br/eleiloescombr/leiloes/1886/documentos/sl-doc-1886-664f9d60e17a3-664f9d60e2aeb.pdf
2ª Vara Cível de Orlândia,https://static.e-leiloes.com.br/eleiloescombr/leiloes/1889/documentos/sl-doc-1889-664f9dade4672-664f9dade70a9.pdf
Conselho Regional de Fonoaudiologia 2ª Região CREFONO,https://static.e-leiloes.com.br/eleiloescombr/leiloes/1838/documentos/sl-doc-1838-664f6da395b03-664f6da397340.pdf
Juizado Especial Cível e Criminal de Santa Adélia,https://static.e-leiloes.com.br/eleiloescombr/leiloes/1884/documentos/sl-doc-1884-664f9d358b1dd-664f9d358c56f.pdf
2ª Vara Criminal de Uruarama PR,https://static.e-leiloes.com.br/eleiloescombr/leiloes/1891/documentos/sl-doc-1891-6659d7004dcbd-6659d7004ee60.pdf
CAIXA ECONOMICA FEDERAL CEF,https://static.e-leiloes.com.br/eleiloescombr/leiloes/1860/documentos/sl-doc-1860-660f080f6f07b-660f080f74020.pdf
Juizado Especial Cível e Criminal de Batatais,https://static.e-leiloes.com.br/eleiloescombr/leiloes/1865/documentos/sl-doc-1865-66436e4565133-66436e4568a7e.pdf
2ª Vara Cível de Orlândia,https://static.e-leiloes.com.br/eleiloescombr/leiloes/1868/documentos/sl-doc-1868-66436e8798ac3-66436e8799d0c.pdf
Juizado Especial Cível e Criminal de Estrela D`Oeste SP,https://static.e-leiloes.com.br/eleiloescombr/leiloes/1871/documentos/sl-doc-1871-66436eb0540b1-66436eb056741.pdf
Vara Única de Turvo,https://static.e-leiloes.com.br/eleiloescombr/leiloes/1874/documentos/sl-doc-1874-66436ed4a94b6-66436ed4aacd0.pdf
Banco Pan - Autorizado Caixa Econômica Federal,https://static.e-leiloes.com.br/eleiloescombr/leiloes/1883/documentos/sl-doc-1883-664b3d9969b7f-664b3d997589a.pdf
3ª Vara Federal de Franca SP,https://static.e-leiloes.com.br/eleiloescombr/leiloes/1818/documentos/sl-doc-1818-6573017b48007-6573017b48e56.pdf
Prefeitura Municipal de Ribeirão das Neves MG,https://static.e-leiloes.com.br/eleiloescombr/leiloes/1872/documentos/sl-doc-1872-6616f6e766e8b-6616f6e76a01d.pdf
3ª Vara Federal de Franca SP,https://static.e-leiloes.com.br/eleiloescombr/leiloes/1869/documentos/sl-doc-1869-661fbd804e71c-661fbd804f84d.pdf
Cooperativa de Crédito CredSãoPaulo SICOOB CREDSAOPAULO,https://static.e-leiloes.com.br/eleiloescombr/leiloes/1870/documentos/sl-doc-1870-664371d43b786-664371d43c81d.pdf
Vara do Trabalho de Itapeva,https://static.e-leiloes.com.br/eleiloescombr/leiloes/1850/documentos/sl-doc-1850-66193d8c1a6d5-66193d8c1c326.pdf
2ª Vara Cível de Pirapozinho SP,https://static.e-leiloes.com.br/eleiloescombr/leiloes/1873/documentos/sl-doc-1873-66145bd95116c-66145bd95d8bd.pdf
2ª Vara Setor de Execuções Fiscais de Cravinhos SP,https://static.e-leiloes.com.br/eleiloescombr/leiloes/1875/documentos/sl-doc-1875-6622ae87c4cb5-6622ae87c6195.pdf
3ª Vara Cível de Salto,https://static.e-leiloes.com.br/eleiloescombr/leiloes/1877/documentos/sl-doc-1877-662269a3d7881-662269a3da184.pdf
7ª Vara Cível do Foro Regional de Santo Amaro SP,https://static.e-leiloes.com.br/eleiloescombr/leiloes/1878/documentos/sl-doc-1878-66227a8fef81e-66227a8ff0ca8.pdf
Tribunal Regional do Trabalho da 15ª Região - Campinas SP,https://static.e-leiloes.com.br/eleiloescombr/leiloes/1855/documentos/sl-doc-1855-65fc812822130-65fc812822ffc.pdf
1ª Vara Setor de Execuções Fiscais de Estrela D' Oeste,https://static.e-leiloes.com.br/eleiloescombr/leiloes/1867/documentos/sl-doc-1867-661d11c7382b8-661d11c739959.pdf
Juizado Especial Cível e Criminal de Batatais,https://static.e-leiloes.com.br/eleiloescombr/leiloes/1849/documentos/sl-doc-1849-65e0c68126bcb-65e0c6812836d.pdf
2ª Vara Federal de Franca SP,https://static.e-leiloes.com.br/eleiloescombr/leiloes/1856/documentos/sl-doc-1856-65fb1b2d29d07-65fb1b2d2ac53.pdf
Lei Ltda,https://static.e-leiloes.com.br/eleiloescombr/leiloes/1854/documentos/sl-doc-1854-65eb703e16bf3-65eb703e1a3ac.pdf
7ª Vara Federal de Ribeirão Preto SP,https://static.e-leiloes.com.br/eleiloescombr/leiloes/1847/documentos/sl-doc-1847-65fde8fd88ce9-65fde8fd89f34.pdf
1ª Vara Civil de Leme SP,https://static.e-leiloes.com.br/eleiloescombr/leiloes/1857/documentos/sl-doc-1857-65fde8e8ad883-65fde8e8ae7bf.pdf
"Juizado Especial Cível, Criminal e da Fazenda Pública de São João da Boa Vista SP",https://static.e-leiloes.com.br/eleiloescombr/leiloes/1864/documentos/sl-doc-1864-65fde910aee14-65fde910b07c7.pdf
2ª Vara de Família e Sucessões de Bauru,https://static.e-leiloes.com.br/eleiloescombr/leiloes/1866/documentos/sl-doc-1866-66042faf04186-66042faf0a49f.pdf
1ª Vara Criminal da Comarca de Taubaté,https://static.e-leiloes.com.br/eleiloescombr/leiloes/1848/documentos/sl-doc-1848-65e1df79cdf3b-65e1df79ceeb3.pdf
1ª Vara Cível de Orlândia,https://static.e-leiloes.com.br/eleiloescombr/leiloes/1852/documentos/sl-doc-1852-65e9b95ec174c-65e9b95ec5666.pdf
1ª Vara Cível de Estrela D' Oeste SP,https://static.e-leiloes.com.br/eleiloescombr/leiloes/1853/documentos/sl-doc-1853-65fad7854b03a-65fad7854e94f.png
Vara do Trabalho de Cajuru,https://static.e-leiloes.com.br/eleiloescombr/leiloes/1851/documentos/sl-doc-1851-65e7889d4feb6-65e7889d523f0.pdf
Prefeitura Municipal de Ribeirão das Neves MG,https://static.e-leiloes.com.br/eleiloescombr/leiloes/1831/documentos/sl-doc-1831-65dcef0214b8a-65dcef02166fc.pdf
Tribunal Regional do Trabalho da 15ª Região - São José dos Campos,https://static.e-leiloes.com.br/eleiloescombr/leiloes/1842/documentos/sl-doc-1842-65dc83d72043c-65dc83d72486a.pdf
Tribunal Regional do Trabalho da 15ª Região - Sorocaba SP,https://static.e-leiloes.com.br/eleiloescombr/leiloes/1819/documentos/sl-doc-1819-65b8eb0c9e766-65b8eb0c9f84a.pdf
2ª Vara Civil de Santa Rita do Passa Quatro SP,https://static.e-leiloes.com.br/eleiloescombr/leiloes/1844/documentos/sl-doc-1844-65e1df2461963-65e1df24627a2.pdf
8ª Vara Cível da Comarca de Joinville,https://static.e-leiloes.com.br/eleiloescombr/leiloes/1845/documentos/sl-doc-1845-65e1deeb74ec6-65e1deeb76351.pdf
Vara Criminal de Santa Fé,https://static.e-leiloes.com.br/eleiloescombr/leiloes/1846/documentos/sl-doc-1846-65e1df0a2478e-65e1df0a25d89.pdf
1ª Vara Cível de Estrela D' Oeste SP,https://static.e-leiloes.com.br/eleiloescombr/leiloes/1822/documentos/sl-doc-1822-65b3aa541b6d5-65b3aa5429422.pdf
1ª Vara Setor de Execuções Fiscais de Orlândia,https://static.e-leiloes.com.br/eleiloescombr/leiloes/1824/documentos/sl-doc-1824-65c21e44a72a7-65c21e44aa25e.pdf
2ª Vara Cível de Itapeva SP,https://static.e-leiloes.com.br/eleiloescombr/leiloes/1826/documentos/sl-doc-1826-65aea20431a84-65aea20432a95.pdf
Juizado Especial Cível e Criminal de Estrela D`Oeste SP,https://static.e-leiloes.com.br/eleiloescombr/leiloes/1829/documentos/sl-doc-1829-65aea135e0b17-65aea135e1eac.pdf
Juizado Especial Cível e Criminal de Batatais,https://static.e-leiloes.com.br/eleiloescombr/leiloes/1835/documentos/sl-doc-1835-65aea16eb215c-65aea16eb37b2.pdf
Prefeitura Municipal de Saudade do Iguaçu PR,https://static.e-leiloes.com.br/eleiloescombr/leiloes/1825/documentos/sl-doc-1825-65aab3baa4c7f-65aab3baa6280.pdf
2ª Vara Civil de Santa Rita do Passa Quatro SP,https://static.e-leiloes.com.br/eleiloescombr/leiloes/1828/documentos/sl-doc-1828-65ae9fe179339-65ae9fe17a415.pdf
Juizado Especial Cível e Criminal de Santa Rita do Passa Quatro SP,https://static.e-leiloes.com.br/eleiloescombr/leiloes/1830/documentos/sl-doc-1830-65ae9fb24c76f-65ae9fb24d5c0.pdf
"Juizado Especial Cível, Criminal e da Fazenda Pública de São João da Boa Vista SP",https://static.e-leiloes.com.br/eleiloescombr/leiloes/1832/documentos/sl-doc-1832-65aea0ecb57ae-65aea0ecb6bfc.pdf
Tribunal Regional do Trabalho da 2ª Região - Central Leilões Unificados,https://static.e-leiloes.com.br/eleiloescombr/leiloes/1807/documentos/sl-doc-1807-6554baceae26b-6554bacee55bd.pdf
Vara do Trabalho de Pirassununga SP,https://static.e-leiloes.com.br/eleiloescombr/leiloes/1805/documentos/sl-doc-1805-6540e489627d2-6540e48969f5d.pdf
Tribunal Regional do Trabalho da 2ª Região - Central Leilões Unificados,https://static.e-leiloes.com.br/eleiloescombr/leiloes/1806/documentos/sl-doc-1806-6554ba941fccb-6554ba9531b09.pdf
Tribunal Regional do Trabalho da 15ª Região - Presidente Prudente SP,https://static.e-leiloes.com.br/eleiloescombr/leiloes/1800/documentos/sl-doc-1800-6548f4862edfa-6548f4863f522.pdf
Prefeitura Municipal de Praia Grande SP,https://static.e-leiloes.com.br/eleiloescombr/leiloes/1814/documentos/sl-doc-1814-654b71ef6acce-654b71ef720c8.pdf
1ª Vara Cível de Estrela D' Oeste SP,https://static.e-leiloes.com.br/eleiloescombr/leiloes/1815/documentos/sl-doc-1815-655361c3ce069-655361c3cfef5.pdf
2ª Vara Setor de Execuções Fiscais de Orlândia,https://static.e-leiloes.com.br/eleiloescombr/leiloes/1816/documentos/sl-doc-1816-655ca6c5c4f0d-655ca6c5c7070.pdf
1ª Vara Setor de Execuções Fiscais de Orlândia,https://static.e-leiloes.com.br/eleiloescombr/leiloes/1817/documentos/sl-doc-1817-655624a7eb4e3-655624a7eca9f.pdf
3ª Vara Federal de Franca SP,https://static.e-leiloes.com.br/eleiloescombr/leiloes/1799/documentos/sl-doc-1799-6543f48215cf8-6543f4823910d.pdf
José Henrique Zorzi,https://static.e-leiloes.com.br/eleiloescombr/leiloes/1810/documentos/sl-doc-1810-6536c94f94caa-6536c94fc8898.pdf
Cooperativa de Crédito CredSãoPaulo SICOOB CREDSAOPAULO,https://static.e-leiloes.com.br/eleiloescombr/leiloes/1803/documentos/sl-doc-1803-655dfc8f10a7f-655dfc8f18426.pdf
1ª Vara Civil de Leme SP,https://static.e-leiloes.com.br/eleiloescombr/leiloes/1797/documentos/sl-doc-1797-65205e6fa6f90-65205e6fa8b58.pdf
Vara Única de Nuporanga SP,https://static.e-leiloes.com.br/eleiloescombr/leiloes/1811/documentos/sl-doc-1811-653d59dccb606-653d59dccdc3e.pdf
3ª Vara Cível de Salto,https://static.e-leiloes.com.br/eleiloescombr/leiloes/1812/documentos/sl-doc-1812-6543ba89de80f-6543ba89df145.pdf
3ª Vara Cível de Taboão da Serra SP,https://static.e-leiloes.com.br/eleiloescombr/leiloes/1813/documentos/sl-doc-1813-6543cf99c998b-6543cf99cb2c4.pdf
CAIXA ECONOMICA FEDERAL CEF,https://static.e-leiloes.com.br/eleiloescombr/leiloes/1791/documentos/sl-doc-1791-650d9712b75ff-650d9712b9a10.pdf
CAIXA ECONOMICA FEDERAL CEF,https://static.e-leiloes.com.br/eleiloescombr/leiloes/1790/documentos/sl-doc-1790-650ca519c8a47-650ca519caed3.pdf
Juizado Especial Cível e Criminal de Estrela D`Oeste SP,https://static.e-leiloes.com.br/eleiloescombr/leiloes/1787/documentos/sl-doc-1787-650303663a90a-650303663dd88.pdf
Serviço de Anexo Fiscal de Votuporanga,https://static.e-leiloes.com.br/eleiloescombr/leiloes/1793/documentos/sl-doc-1793-652d3017e9f2c-652d3017f36ae.pdf
2ª Vara Cível de Orlândia,https://static.e-leiloes.com.br/eleiloescombr/leiloes/1798/documentos/sl-doc-1798-6520041dbf9fa-6520041dc3364.pdf
Juizado Especial Cível e Criminal de Batatais,https://static.e-leiloes.com.br/eleiloescombr/leiloes/1801/documentos/sl-doc-1801-652546941cb43-652546941e0d7.pdf
2ª Vara Setor de Execuções Fiscais de Orlândia,https://static.e-leiloes.com.br/eleiloescombr/leiloes/1802/documentos/sl-doc-1802-652555c0c3169-652555c0c45d2.pdf
2ª Vara Cível de Piedade,https://static.e-leiloes.com.br/eleiloescombr/leiloes/1809/documentos/sl-doc-1809-652fd8a17f42f-652fd8a180877.pdf
2ª Vara Federal de Franca SP,https://static.e-leiloes.com.br/eleiloescombr/leiloes/1794/documentos/sl-doc-1794-651735db32f13-651735db33985.pdf
COOPBENS FUNDO DE INVESTIMENTO IMOBILIARIO,https://static.e-leiloes.com.br/eleiloescombr/leiloes/1804/documentos/sl-doc-1804-65301d0134b5b-65301d0135db3.pdf
COOPBENS FUNDO DE INVESTIMENTO IMOBILIARIO,https://static.e-leiloes.com.br/eleiloescombr/leiloes/1795/documentos/sl-doc-1795-652459d81396b-652459d814bd2.pdf
2ª Vara da Família e Sucessões de Santo Amaro,https://static.e-leiloes.com.br/eleiloescombr/leiloes/1789/documentos/sl-doc-1789-6516b75b8d64e-6516b75b8e45a.pdf
3ª Vara Cível de Salto,https://static.e-leiloes.com.br/eleiloescombr/leiloes/1792/documentos/sl-doc-1792-6516b7476c006-6516b7476cde7.pdf
1ª Vara Civil de Leme SP,https://static.e-leiloes.com.br/eleiloescombr/leiloes/1788/documentos/sl-doc-1788-6504a8844222b-6504a88443b27.pdf
Vara da Fazenda Pública de Pontal do Paraná,https://static.e-leiloes.com.br/eleiloescombr/leiloes/1796/documentos/sl-doc-1796-651d5cf9a8921-651d5cf9a957e.pdf
Prefeitura Municipal de Enéas Marques PR,https://static.e-leiloes.com.br/eleiloescombr/leiloes/1778/documentos/sl-doc-1778-64ee23371a16d-64ee23371b38a.pdf
2ª Vara Cível de Pedreira,https://static.e-leiloes.com.br/eleiloescombr/leiloes/1786/documentos/sl-doc-1786-64f7693cc712a-64f7693cc8548.pdf
1ª Vara Cível de Estrela D' Oeste SP,https://static.e-leiloes.com.br/eleiloescombr/leiloes/1784/documentos/sl-doc-1784-650d78c2bb22a-650d78c2bbfc2.pdf
2ª Vara Setor de Execuções Fiscais de Orlândia,https://static.e-leiloes.com.br/eleiloescombr/leiloes/1768/documentos/sl-doc-1768-64d399d0ed4c2-64d399d0eea92.pdf
7ª Vara Federal de Ribeirão Preto SP,https://static.e-leiloes.com.br/eleiloescombr/leiloes/1763/documentos/sl-doc-1763-6504aea6a2f3b-6504aea6a3e29.pdf
Juizado Especial Cível e Criminal de Batatais,https://static.e-leiloes.com.br/eleiloescombr/leiloes/1760/documentos/sl-doc-1760-6504aedcc8b64-6504aedcc9d93.pdf
COOPBENS FUNDO DE INVESTIMENTO IMOBILIARIO,https://static.e-leiloes.com.br/eleiloescombr/leiloes/1772/documentos/sl-doc-1772-64e34a350587c-64e34a350d489.pdf
Banco Pan - Autorizado Caixa Econômica Federal,https://static.e-leiloes.com.br/eleiloescombr/leiloes/1771/documentos/sl-doc-1771-64e64c5a388f9-64e64c5a4dae1.pdf
Tribunal Regional do Trabalho da 15ª Região - Araçatuba SP,https://static.e-leiloes.com.br/eleiloescombr/leiloes/1766/documentos/sl-doc-1766-64da5ccc83175-64da5ccc84f29.pdf
1ª Vara Cível de Itapóa SC,https://static.e-leiloes.com.br/eleiloescombr/leiloes/1776/documentos/sl-doc-1776-64f1e671b2cdc-64f1e671b3ee0.pdf
1ª Vara Civil de Leme SP,https://static.e-leiloes.com.br/eleiloescombr/leiloes/1764/documentos/sl-doc-1764-64f1e68f278f7-64f1e68f287f1.pdf
Vara Única de Nuporanga SP,https://static.e-leiloes.com.br/eleiloescombr/leiloes/1775/documentos/sl-doc-1775-64ec8dfdb94ab-64ec8dfdbb8f1.pdf
4ª Vara Cível de Penápolis,https://static.e-leiloes.com.br/eleiloescombr/leiloes/1785/documentos/sl-doc-1785-64f60b1c36f48-64f60b1c394e5.pdf
CAIXA ECONOMICA FEDERAL CEF,https://static.e-leiloes.com.br/eleiloescombr/leiloes/1770/documentos/sl-doc-1770-64e4adf64e9a0-64e4adf650da0.pdf
CAIXA ECONOMICA FEDERAL CEF,https://static.e-leiloes.com.br/eleiloescombr/leiloes/1769/documentos/sl-doc-1769-64e4d8f6e67a5-64e4d8f6e8e8a.pdf
Juizado Especial Cível e Criminal de Estrela D`Oeste SP,https://static.e-leiloes.com.br/eleiloescombr/leiloes/1755/documentos/sl-doc-1755-64b05701f2535-64b0570202790.pdf
Vara Única de Macatuba,https://static.e-leiloes.com.br/eleiloescombr/leiloes/1765/documentos/sl-doc-1765-64cbfdcdb4ab1-64cbfdcdb677b.pdf
1ª Vara Cível de Orlândia,https://static.e-leiloes.com.br/eleiloescombr/leiloes/1754/documentos/sl-doc-1754-64a80514f3e4a-64a8051501c12.pdf
Vara Única da Comarca de Ascurra,https://static.e-leiloes.com.br/eleiloescombr/leiloes/1762/documentos/sl-doc-1762-64c179bc96b60-64c179bc98e78.pdf
2ª Vara Cível de Orlândia,https://static.e-leiloes.com.br/eleiloescombr/leiloes/1745/documentos/sl-doc-1745-649ad66790e5d-649ad667920d2.pdf
Prefeitura do Minícípio de Itaí SP,https://static.e-leiloes.com.br/eleiloescombr/leiloes/1750/documentos/sl-doc-1750-64b6826c5b922-64b6826c5c9d6.pdf
Prefeitura Municipal de Riversul SP,https://static.e-leiloes.com.br/eleiloescombr/leiloes/1757/documentos/sl-doc-1757-64b6c2b3d9515-64b6c2b3dd7d7.pdf
CAIXA ECONOMICA FEDERAL CEF,https://static.e-leiloes.com.br/eleiloescombr/leiloes/1748/documentos/sl-doc-1748-64d3c423ce7af-64d3c423d1180.pdf
CAIXA ECONOMICA FEDERAL CEF,https://static.e-leiloes.com.br/eleiloescombr/leiloes/1747/documentos/sl-doc-1747-64c176595971c-64c176595c44e.pdf
2ª Vara Cível de Pedreira,https://static.e-leiloes.com.br/eleiloescombr/leiloes/1758/documentos/sl-doc-1758-64b6e7c8867e7-64b6e7c889a91.pdf
Juizado Especial Cível e Criminal de Santa Rita do Passa Quatro SP,https://static.e-leiloes.com.br/eleiloescombr/leiloes/1753/documentos/sl-doc-1753-649f3b4136704-649f3b4137a97.pdf
Vara Única de Santa Adélia SP,https://static.e-leiloes.com.br/eleiloescombr/leiloes/1761/documentos/sl-doc-1761-64bae08c1f1e9-64bae08c20ada.pdf
2ª Vara Cível de Pedreira,https://static.e-leiloes.com.br/eleiloescombr/leiloes/1759/documentos/sl-doc-1759-64c3b97763f50-64c3b97766c93.pdf
1ª Vara Cível de Orlândia,https://static.e-leiloes.com.br/eleiloescombr/leiloes/1746/documentos/sl-doc-1746-6488a71c4edb7-6488a71c50046.pdf
1ª Vara Setor de Execuções Fiscais de Estrela D' Oeste,https://static.e-leiloes.com.br/eleiloescombr/leiloes/1739/documentos/sl-doc-1739-647e0dac13ce7-647e0dac14f1e.pdf
1ª Vara Cível de Estrela D' Oeste SP,https://static.e-leiloes.com.br/eleiloescombr/leiloes/1741/documentos/sl-doc-1741-64820f7982acb-64820f7983c94.pdf
Juizado Especial Cível e Criminal de Batatais,https://static.e-leiloes.com.br/eleiloescombr/leiloes/1742/documentos/sl-doc-1742-648219ac70324-648219ac72549.pdf
Juizado Especial Cível e Criminal de Estrela D`Oeste SP,https://static.e-leiloes.com.br/eleiloescombr/leiloes/1743/documentos/sl-doc-1743-648a269e6ad2c-648a269e6df85.pdf
2ª Vara Cível de Orlândia,https://static.e-leiloes.com.br/eleiloescombr/leiloes/1744/documentos/sl-doc-1744-649af5aece7d2-649af5aed09da.pdf
1ª Vara Setor de Execuções Fiscais de Orlândia,https://static.e-leiloes.com.br/eleiloescombr/leiloes/1756/documentos/sl-doc-1756-64aea1a008722-64aea1a00bff0.pdf
Prefeitura Municipal de Rio Negrinho SC,https://static.e-leiloes.com.br/eleiloescombr/leiloes/1712/documentos/sl-doc-1712-6492051bd32b8-6492051bd4935.pdf
1ª Vara Cível de União da Vitória PR,https://static.e-leiloes.com.br/eleiloescombr/leiloes/1752/documentos/sl-doc-1752-649c8ed4549e0-649c8ed455d8b.pdf
7ª Vara Federal de Ribeirão Preto SP,https://static.e-leiloes.com.br/eleiloescombr/leiloes/1751/documentos/sl-doc-1751-649c833a9ec8a-649c833aad9ee.pdf
1ª Vara Civil de Leme SP,https://static.e-leiloes.com.br/eleiloescombr/leiloes/1749/documentos/sl-doc-1749-6499ea1cc945a-6499ea1ccae9d.pdf
Prefeitura Municipal de Saudade do Iguaçu PR,https://static.e-leiloes.com.br/eleiloescombr/leiloes/1709/documentos/sl-doc-1709-646bcd237522f-646bcd2375da1.pdf
Prefeitura Municipal de Divino de Laranjeiras,https://static.e-leiloes.com.br/eleiloescombr/leiloes/1737/documentos/sl-doc-1737-6470a24db960c-6470a24dba722.pdf
1ª Vara Cível de Orlândia,https://static.e-leiloes.com.br/eleiloescombr/leiloes/1721/documentos/sl-doc-1721-646fdd59448b6-646fdd5947714.pdf
Aldo da Costa Melo,https://static.e-leiloes.com.br/eleiloescombr/leiloes/1736/documentos/sl-doc-1736-647dc62f3c38f-647dc62f4cf05.pdf
Aldo da Costa Melo,https://static.e-leiloes.com.br/eleiloescombr/leiloes/1734/documentos/sl-doc-1734-647dc67090de6-647dc670a2200.pdf
Aldo da Costa Melo,https://static.e-leiloes.com.br/eleiloescombr/leiloes/1733/documentos/sl-doc-1733-647dc6afb02d3-647dc6afb1496.pdf
Aldo da Costa Melo,https://static.e-leiloes.com.br/eleiloescombr/leiloes/1735/documentos/sl-doc-1735-647dc6f7dfcab-647dc6f7f0420.pdf
1ª Vara Civil de Leme SP,https://static.e-leiloes.com.br/eleiloescombr/leiloes/1738/documentos/sl-doc-1738-646fd3127859b-646fd312797da.pdf
1ª Vara Cível de União da Vitória PR,https://static.e-leiloes.com.br/eleiloescombr/leiloes/1730/documentos/sl-doc-1730-646fac0d3b0a4-646fac0d3c56b.pdf
Vara da Fazenda Pública de Coronel Vivida PR,https://static.e-leiloes.com.br/eleiloescombr/leiloes/1729/documentos/sl-doc-1729-646fa623e2c00-646fa623e388a.pdf
1ª Vara Cívil de Santa Rita do Passa Quatro SP,https://static.e-leiloes.com.br/eleiloescombr/leiloes/1727/documentos/sl-doc-1727-646fafb0a41e1-646fafb0a5568.pdf
7ª Unidade Jurisdicional Cível - 20º JD da Comarca de Belo Horizonte MG,https://static.e-leiloes.com.br/eleiloescombr/leiloes/1717/documentos/sl-doc-1717-646fadc2cfe8e-646fadc2d1dff.pdf
2ª Vara Civil de Santa Rita do Passa Quatro SP,https://static.e-leiloes.com.br/eleiloescombr/leiloes/1728/documentos/sl-doc-1728-6470c1aca56f0-6470c1aca69ac.pdf
1ª Vara Civil de Leme SP,https://static.e-leiloes.com.br/eleiloescombr/leiloes/1711/documentos/sl-doc-1711-6414b964b992b-6414b964d45dd.pdf
Vara Única de Salto de Pirapora,https://static.e-leiloes.com.br/eleiloescombr/leiloes/2087/documentos/sl-doc-2087-68a46de4a23c0-68a46de4a3cf1.pdf
